Entity,Type
10 _ 20250123 _ 092259,MONEY
Impairment Goodwill Goodwill,PERSON
annual,DATE
F,ORG
g w l l l l,ORG
n n,ORG
K e u p n n h e c h,ORG
l w p,ORG
c p l n e e p e r n,ORG
2,CARDINAL
3,CARDINAL
1,CARDINAL
9,CARDINAL
11,CARDINAL
2,CARDINAL
2,CARDINAL
1,CARDINAL
BUSINESS COMBINATIONS Accounting,ORG
103,CARDINAL
Business Combinations,ORG
Group,ORG
n n g e n c n e r n r e r e c g n z,ORG
Consolidated Statement Profit Loss,ORG
Group,ORG
Group,ORG
c h p n r e u b e q u e n l e u r e f r v l u e n r e r r e f l e c h e u n p b l e u n e r h e option date,ORG
un,ORG
"Acquisitions year ended March 31 , 2023 year ended March 31",DATE
two,CARDINAL
100 %,PERCENT
1,CARDINAL
GmbH,PERSON
GmbH,PRODUCT
GmbH,PERSON
GmbH,PRODUCT
GmbH,PERSON
Germany,GPE
"April 20 , 2022",DATE
2,CARDINAL
"September 1 , 2022",DATE
Group,ORG
Group,ORG
Europe,LOC
₹,FAC
Fair,ORG
Net Assets,ORG
1,CARDINAL
3,CARDINAL
3,CARDINAL
80,CARDINAL
80,CARDINAL
1,CARDINAL
48,CARDINAL
351,CARDINAL
Goodwill,ORG
6 30,CARDINAL
981,CARDINAL
1,CARDINAL
₹ 26,FAC
Goodwill,ORG
2,CARDINAL
3,CARDINAL
1,CARDINAL
₹,ORG
981,PRODUCT
₹,ORG
936,PRODUCT
₹ 45,FAC
12,CARDINAL
5 %,PERCENT
"March 31 , 2024",DATE
three years,DATE
Group,ORG
Performance Retention Bonus,ORG
Consolidated Statement Statement Profit Loss,ORG
₹,ORG
111,MONEY
"March 31 , 2024",DATE
Transaction costs Group,ORG
₹ 7,LAW
Interim Condensed Consolidated Statement Statement Profit,ORG
"year ended March 31 , 2023",DATE
10,CARDINAL
12 _ 20250123 _ 092259,MONEY
"January 11 , 2024",DATE
Info ys Limited,ORG
100 %,PERCENT
Semi Technology Services Private Limited,ORG
India,GPE
280,MONEY
p p r x e l,ORG
$ 34 million,MONEY
"April 18 , 2024",DATE
Info ys,ORG
Germany,GPE
GmBH,GPE
Info ys Limited,ORG
100 %,PERCENT
Engineering R & services,ORG
Germany,GPE
450 million,CARDINAL
p p r x e l ₹ 4,ORG
045,CARDINAL
11,CARDINAL
13,CARDINAL
2,CARDINAL
2,CARDINAL
PLANT EQUIPMENT Accounting policy Property,ORG
p l n n e q u p e n r e,ORG
"n n p r e n , f",ORG
c p l z,ORG
"u n l h e p r p e r , p l n n e q u p e n",ORG
1,CARDINAL
22 - 25 years,DATE
1,CARDINAL
2 ) 5 years,DATE
5 years,DATE
1,CARDINAL
3 - 5 years,DATE
1 ) 5 years,DATE
1 ) 5 years,DATE
Leasehold improvements Lower,ORG
1,CARDINAL
g v e n b v e b e r e p r e e n h e p e r v e r w h,ORG
x p,ORG
2,CARDINAL
25 years,DATE
n c l u n g e c h f n n c l e r e n .,ORG
u e f u l l v e r e b e n h r c l e x p e r e n c e w h l r e w e l l,ORG
p l n n e q u p e n u n n g e c h B l n,ORG
c p l v n,ORG
C p l w,ORG
"q u e n e x p e n u r e r e l n g p r p e r , p l n n e q u p e n c p l z",ORG
n l w h e n p r b b l e h f u u r e economic,ORG
Group,ORG
Impairment Property,ORG
Consolidated Statement Profit Loss,ORG
n p r e n l r e v e r e n h e C n l e e e n f P r f n L f h e r e h b e e n c h n g e n h e e e u e e e r n,ORG
prior years,DATE
"three months ended March 31 , 2024",DATE
₹,FAC
Particulars Land - Buildings Plant Office Computer Furniture Leasehold Vehicles Total Freehold,ORG
1,CARDINAL
Improvements Gross,ORG
"January 1 , 2024 1",DATE
498 3,DATE
305 1,CARDINAL
497 2,DATE
308 1,CARDINAL
456,CARDINAL
30,CARDINAL
287,CARDINAL
140,CARDINAL
33,CARDINAL
345,CARDINAL
35,CARDINAL
894,CARDINAL
16,CARDINAL
14,CARDINAL
224,CARDINAL
34,CARDINAL
37,CARDINAL
325,CARDINAL
15,CARDINAL
1,CARDINAL
1,CARDINAL
2,CARDINAL
33,CARDINAL
"March 31 , 2024 1",DATE
770 3,CARDINAL
428 1,CARDINAL
528 8,DATE
611 2,DATE
326 1,CARDINAL
447,CARDINAL
45 30,DATE
587,CARDINAL
"January 1 , 2024",DATE
"4 , 814",DATE
2,CARDINAL
584,CARDINAL
1,CARDINAL
253,CARDINAL
6,CARDINAL
267,CARDINAL
1,CARDINAL
807,CARDINAL
1,CARDINAL
131,CARDINAL
42,CARDINAL
17,CARDINAL
898,CARDINAL
111,CARDINAL
63,CARDINAL
32,CARDINAL
336,CARDINAL
58,CARDINAL
46,DATE
646,CARDINAL
16,CARDINAL
219,CARDINAL
26 34,DATE
309,CARDINAL
4,CARDINAL
18,CARDINAL
"March 31 , 2024",DATE
4,CARDINAL
921,CARDINAL
2,CARDINAL
630,CARDINAL
1,CARDINAL
269,CARDINAL
6,CARDINAL
380,CARDINAL
1,CARDINAL
837,CARDINAL
1,CARDINAL
42,CARDINAL
18,CARDINAL
217,CARDINAL
"January 1 , 2024 1",DATE
684,CARDINAL
2,CARDINAL
230,CARDINAL
501,CARDINAL
325,CARDINAL
3 12,CARDINAL
153,CARDINAL
"March 31 , 2024 1",DATE
849,CARDINAL
2,CARDINAL
231,CARDINAL
489,CARDINAL
309,CARDINAL
3 12,CARDINAL
370,CARDINAL
three months ended March 31,DATE
2023,DATE
₹,FAC
Particulars Land - Buildings Plant Office Computer Furniture Leasehold Vehicles Total Freehold,ORG
1,CARDINAL
Improvements Gross,ORG
"January 1 , 2023 1",DATE
431 11,CARDINAL
530 3,CARDINAL
368 1,CARDINAL
466 8,DATE
895 2,DATE
450 1,DATE
353,CARDINAL
44 30,DATE
2 29,DATE
55,CARDINAL
162,CARDINAL
103,CARDINAL
2,CARDINAL
175,CARDINAL
40,CARDINAL
877,CARDINAL
311,CARDINAL
13,CARDINAL
1,CARDINAL
418,CARDINAL
3,CARDINAL
15,CARDINAL
"March 31 , 2023 1",DATE
431 11,CARDINAL
562 3,CARDINAL
302 1,CARDINAL
519 2,DATE
303 1,DATE
445,CARDINAL
30,CARDINAL
089,CARDINAL
"January 1 , 2023",DATE
4,CARDINAL
425,CARDINAL
2,CARDINAL
547,CARDINAL
1,CARDINAL
206,CARDINAL
6,CARDINAL
339,CARDINAL
1,CARDINAL
922,CARDINAL
992,CARDINAL
39,CARDINAL
17,CARDINAL
109,CARDINAL
65,CARDINAL
31,CARDINAL
354,CARDINAL
62,CARDINAL
48,CARDINAL
1,CARDINAL
670,CARDINAL
175,CARDINAL
40,DATE
871,CARDINAL
9,CARDINAL
1,CARDINAL
405,CARDINAL
1,CARDINAL
1,CARDINAL
4,CARDINAL
1,CARDINAL
1,CARDINAL
"March 31 , 2023",DATE
4,CARDINAL
535,CARDINAL
2,CARDINAL
437,CARDINAL
1,CARDINAL
198,CARDINAL
5,CARDINAL
826,CARDINAL
1,CARDINAL
1,CARDINAL
032,CARDINAL
40,CARDINAL
16,CARDINAL
743,CARDINAL
"January 1 , 2023 1",DATE
431 7,DATE
105,CARDINAL
556,CARDINAL
361,CARDINAL
13,CARDINAL
067,CARDINAL
"March 31 , 2023 1",DATE
431 7,DATE
027,CARDINAL
865,CARDINAL
284,CARDINAL
2,CARDINAL
693,CARDINAL
628,CARDINAL
413,CARDINAL
5 13,CARDINAL
346,CARDINAL
12,DATE
14,CARDINAL
"year ended March 31 , 2024",DATE
₹,FAC
Particulars Land - Buildings Plant Office Computer Furniture Leasehold Vehicles Total Freehold,ORG
1,CARDINAL
Improvements Gross,ORG
"April 1 , 2023 1",DATE
431 11,CARDINAL
562 3,CARDINAL
302 1,CARDINAL
519 2,DATE
303 1,DATE
445,CARDINAL
30,CARDINAL
089,CARDINAL
1 300,CARDINAL
106,CARDINAL
121,CARDINAL
108,CARDINAL
1 1,CARDINAL
761,CARDINAL
55,CARDINAL
64,CARDINAL
60,CARDINAL
846,CARDINAL
99,CARDINAL
102,CARDINAL
1,CARDINAL
1,CARDINAL
227,CARDINAL
37,CARDINAL
3,CARDINAL
7 1,CARDINAL
36,CARDINAL
"March 31 , 2024 1",DATE
770 3,CARDINAL
428 1,CARDINAL
528 8,DATE
611 2,DATE
326 1,CARDINAL
447,CARDINAL
45 30,DATE
587,CARDINAL
"April 1 , 2023",DATE
4,CARDINAL
535,CARDINAL
2,CARDINAL
437,CARDINAL
1,CARDINAL
198,CARDINAL
5,CARDINAL
826,CARDINAL
1,CARDINAL
1,CARDINAL
032,CARDINAL
40,CARDINAL
16,CARDINAL
743,CARDINAL
450,CARDINAL
259,CARDINAL
130,CARDINAL
1,CARDINAL
387,CARDINAL
250,CARDINAL
206,CARDINAL
3,CARDINAL
2,CARDINAL
685,CARDINAL
55,CARDINAL
89,CARDINAL
97,CARDINAL
201,CARDINAL
9 2,CARDINAL
3,CARDINAL
1,CARDINAL
3,CARDINAL
10,CARDINAL
"March 31 , 2024",DATE
4,CARDINAL
921,CARDINAL
2,CARDINAL
630,CARDINAL
1,CARDINAL
269,CARDINAL
6,CARDINAL
380,CARDINAL
1,CARDINAL
837,CARDINAL
1,CARDINAL
42,CARDINAL
18,CARDINAL
217,CARDINAL
"April 1 , 2023 1",DATE
431 7,DATE
027,CARDINAL
865,CARDINAL
284,CARDINAL
2,CARDINAL
693,CARDINAL
628,CARDINAL
413,CARDINAL
5 13,CARDINAL
346,CARDINAL
"March 31 , 2024 1",DATE
849,CARDINAL
2,CARDINAL
231,CARDINAL
489,CARDINAL
309,CARDINAL
3 12,CARDINAL
370,CARDINAL
n h n e r e n e r c h,ORG
"31 , 2024",DATE
n e w h c h w e r e,ORG
n n u e h v n g,ORG
181,MONEY
Nil,ORG
775,MONEY
year ended March 31,DATE
2023,DATE
₹,FAC
Particulars Land - Buildings Plant Office Computer Furniture Leasehold Vehicles Total Freehold,ORG
1,CARDINAL
Improvements Gross,ORG
"April 1 , 2022 1",DATE
431 11,CARDINAL
224 3,CARDINAL
210 1,CARDINAL
427 8,DATE
278 1,DATE
234,CARDINAL
44 29,DATE
375,CARDINAL
Additions - Business Combination,ORG
2,CARDINAL
1,CARDINAL
5,CARDINAL
14,CARDINAL
2,CARDINAL
337,CARDINAL
273,CARDINAL
1,CARDINAL
510,CARDINAL
364,CARDINAL
220,CARDINAL
2 2,CARDINAL
830,CARDINAL
2,CARDINAL
182,CARDINAL
76,DATE
1,CARDINAL
563,CARDINAL
348,CARDINAL
25,CARDINAL
1,CARDINAL
2,CARDINAL
197,CARDINAL
67,CARDINAL
"March 31 , 2023 1",DATE
431 11,CARDINAL
562 3,CARDINAL
302 1,CARDINAL
519 2,DATE
303 1,DATE
445,CARDINAL
30,CARDINAL
089,CARDINAL
"April 1 , 2022",DATE
4,CARDINAL
100,CARDINAL
2,CARDINAL
344,CARDINAL
1,CARDINAL
150,CARDINAL
6,CARDINAL
034,CARDINAL
1,CARDINAL
779,CARDINAL
856,CARDINAL
37,CARDINAL
16,CARDINAL
300,CARDINAL
434,CARDINAL
273,CARDINAL
121,CARDINAL
1,CARDINAL
322,CARDINAL
236,CARDINAL
187,CARDINAL
4,CARDINAL
2,CARDINAL
577,CARDINAL
181,CARDINAL
1,CARDINAL
556,CARDINAL
347,CARDINAL
21,CARDINAL
182,CARDINAL
1,CARDINAL
1,CARDINAL
3,CARDINAL
26,CARDINAL
10,CARDINAL
48,CARDINAL
"March 31 , 2023",DATE
4,CARDINAL
535,CARDINAL
2,CARDINAL
437,CARDINAL
1,CARDINAL
198,CARDINAL
5,CARDINAL
826,CARDINAL
1,CARDINAL
1,CARDINAL
032,CARDINAL
40,CARDINAL
16,CARDINAL
743,CARDINAL
"April 1 , 2022 1",DATE
431 7,DATE
124,CARDINAL
2,CARDINAL
493 499,CARDINAL
378,CARDINAL
7 13,DATE
075,CARDINAL
"March 31 , 2023 1",DATE
431 7,DATE
027,CARDINAL
865,CARDINAL
284,CARDINAL
2,CARDINAL
693,CARDINAL
628,CARDINAL
413,CARDINAL
5 13,CARDINAL
346,CARDINAL
"three months year ended March 31 , 2023",DATE
1,CARDINAL
414,CARDINAL
Nil,ORG
1,CARDINAL
918,CARDINAL
250,MONEY
five,CARDINAL
₹,ORG
Society Limited,ORG
Consolidated Statement Profit Loss,ORG
Consolidated Statement Profit Loss,ORG
2021,DATE
C p n w r e q u r e r n,ORG
n l l e p r r J n u r,ORG
2021,DATE
w,ORG
C p n h,ORG
F,ORG
"C p n e c ,",ORG
2013,DATE
"31 , 2022",DATE
C p n,ORG
p p l,ORG
"31 , 2024",DATE
p p l c,ORG
G F f,PRODUCT
12,CARDINAL
Income Tax Act,LAW
13,CARDINAL
15 _ 20250123 _ 092259,MONEY
2,CARDINAL
3,CARDINAL
GOODWILL INTANGIBLE,ORG
2,CARDINAL
3,CARDINAL
1,CARDINAL
Goodwill Accounting,ORG
Goodwill,ORG
Group,ORG
l b l e n c n n g e n l b l e f h e c q u r e e n,ORG
Impairment Goodwill,PERSON
annual,DATE
GU,ORG
GU,ORG
Value - n - u e present value future,ORG
₹,FAC
Particulars,PERSON
"March 31 , 2024 March 31 , 2023",DATE
7,CARDINAL
248 6,DATE
195,CARDINAL
Goodwill,ORG
2,CARDINAL
1,CARDINAL
630,CARDINAL
Translation,ORG
55 423,CARDINAL
7,CARDINAL
303,CARDINAL
7,DATE
248,CARDINAL
GU,ORG
2 .,CARDINAL
3,CARDINAL
2,CARDINAL
Intangible Assets Accounting,ORG
g b l e e r e r z,ORG
n v u l e e u e f u l l v e n r g h - l n,ORG
n k n w n e c h n l,ORG
x p e n u r e r,ORG
x p,ORG
year end,DATE
Impairment Intangible,ORG
F,ORG
p u r p e f p r e n e n g,ORG
GU,ORG
Consolidated Statement Profit Loss,ORG
n p r e n l r e v e r e n h e C n l e e e n f P r f n L f h e r e h b e e n c h n g e n h e e e u e e e r n,ORG
prior years,DATE
14,CARDINAL
16 _ 20250123 _ 092259,MONEY
2,CARDINAL
4,CARDINAL
₹,FAC
Particulars,PERSON
"March 31 , 2024 March 31",DATE
2023,DATE
n Investments Unquoted Investments,ORG
Preference,ORG
91 193,CARDINAL
Target,ORG
431 402 Others,MONEY
1,CARDINAL
198,CARDINAL
Quoted Investments,ORG
Government,ORG
28,CARDINAL
1,CARDINAL
731 1,CARDINAL
742 1,CARDINAL
759 1,CARDINAL
770,CARDINAL
Non,ORG
2,CARDINAL
217,CARDINAL
2,CARDINAL
713,CARDINAL
113,CARDINAL
6,CARDINAL
897,CARDINAL
319 9,DATE
227 10,DATE
032,CARDINAL
11,CARDINAL
12,CARDINAL
569,CARDINAL
2,CARDINAL
615,CARDINAL
615,CARDINAL
Commercial Papers 4,EVENT
830,CARDINAL
3,CARDINAL
3,DATE
574 7,DATE
873 4,DATE
316,CARDINAL
Quoted Investments,ORG
150,CARDINAL
150,CARDINAL
Non,ORG
1,CARDINAL
962 1,CARDINAL
155,CARDINAL
465,CARDINAL
427 1,DATE
468,CARDINAL
12,CARDINAL
915 6,DATE
909,CARDINAL
24,CARDINAL
623 19,DATE
478,CARDINAL
13,CARDINAL
413 13,CARDINAL
420,CARDINAL
n c l u n g,ORG
2,CARDINAL
428 1,CARDINAL
637,CARDINAL
n c l u n g,ORG
11,CARDINAL
12,CARDINAL
042,CARDINAL
11,CARDINAL
6,CARDINAL
058,CARDINAL
1,CARDINAL
759 1,CARDINAL
920,CARDINAL
19,CARDINAL
012,CARDINAL
3,CARDINAL
244 1,DATE
546,CARDINAL
1,CARDINAL
"March 31 , 2024 March 31",DATE
79,MONEY
₹,ORG
92,MONEY
Refer Note,PERSON
2,CARDINAL
10,CARDINAL
Financial Instruments,ORG
₹,FAC
Method Fair,ORG
"March 31 , 2024 March 31 , 2023",DATE
Quoted,ORG
2,CARDINAL
615,CARDINAL
431 402 Tax free,QUANTITY
1,CARDINAL
2,CARDINAL
148,CARDINAL
4,CARDINAL
179 3,DATE
868,CARDINAL
7,CARDINAL
362,CARDINAL
632,CARDINAL
Commercial Papers,WORK_OF_ART
4,CARDINAL
830,CARDINAL
3,CARDINAL
3,CARDINAL
574,CARDINAL
Quoted Equity,ORG
113,CARDINAL
93 196,CARDINAL
198 169,CARDINAL
24,CARDINAL
706,CARDINAL
Level 2,PERSON
15,CARDINAL
17,CARDINAL
2,CARDINAL
5,CARDINAL
₹,FAC
Particulars,PERSON
"March 31 , 2024 March 31",DATE
2023,DATE
34,CARDINAL
34,CARDINAL
39,CARDINAL
2 2,DATE
2,CARDINAL
2,CARDINAL
34 39,CARDINAL
248 289,CARDINAL
248 289,CARDINAL
282,CARDINAL
2,CARDINAL
₹,FAC
Particulars,PERSON
"March 31 , 2024 March 31",DATE
2023,DATE
1,CARDINAL
259,CARDINAL
287,CARDINAL
1,CARDINAL
1,MONEY
677 1,CARDINAL
185,CARDINAL
1,CARDINAL
3,CARDINAL
Restricted,ORG
1,CARDINAL
47 96,DATE
1,CARDINAL
1,CARDINAL
119,CARDINAL
3,CARDINAL
105 2,CARDINAL
1,CARDINAL
1,CARDINAL
2,CARDINAL
2,CARDINAL
348,CARDINAL
Un,PRODUCT
1 ) # 7,MONEY
923 8,DATE
317,CARDINAL
1,CARDINAL
488,CARDINAL
2,CARDINAL
3,CARDINAL
84 101,CARDINAL
1,CARDINAL
1,CARDINAL
925 255,CARDINAL
12,CARDINAL
085 11,CARDINAL
604,CARDINAL
15,CARDINAL
190 14,DATE
402,CARDINAL
1,CARDINAL
15,CARDINAL
106 14,DATE
2,CARDINAL
23 32,DATE
3,CARDINAL
61,CARDINAL
2,CARDINAL
₹,FAC
Particulars,PERSON
"March 31 , 2024 March 31",DATE
25,DATE
965,CARDINAL
520 541,CARDINAL
Trade Receivable,ORG
30,CARDINAL
424,CARDINAL
196 142,CARDINAL
196,CARDINAL
30,CARDINAL
25,CARDINAL
424,CARDINAL
16,DATE
18,CARDINAL
2,CARDINAL
8,CARDINAL
₹,FAC
Particulars,PERSON
"March 31 , 2024 March 31",DATE
14,CARDINAL
786 10,CARDINAL
026,CARDINAL
2,CARDINAL
147,CARDINAL
14,CARDINAL
786 12,CARDINAL
173,CARDINAL
37 37,DATE
12 months,DATE
57 833,DATE
"March 31 , 2024",DATE
31,DATE
2023,DATE
₹,ORG
348,PRODUCT
362,PRODUCT
Group,ORG
Group,ORG
2 .,CARDINAL
9,CARDINAL
₹,FAC
Particulars,PERSON
"March 31 , 2024 March 31",DATE
2023,DATE
n Capital,ORG
155,CARDINAL
159,CARDINAL
Others Withholding,WORK_OF_ART
673,CARDINAL
684,CARDINAL
Un,ORG
103,MONEY
31 36,CARDINAL
Prepaid,ORG
343,CARDINAL
129,CARDINAL
191,CARDINAL
687,CARDINAL
652,CARDINAL
2,DATE
121 2,DATE
318,CARDINAL
356,CARDINAL
Un,ORG
revenues # 4,MONEY
845 6,DATE
972,CARDINAL
3,CARDINAL
540 3,DATE
268,CARDINAL
3,CARDINAL
329 2,DATE
745,CARDINAL
200 853,CARDINAL
358 175,CARDINAL
180 261,CARDINAL
12,CARDINAL
808,CARDINAL
14,DATE
476,CARDINAL
14,DATE
929,CARDINAL
16,DATE
794,CARDINAL
Group,ORG
Group,ORG
115,CARDINAL
Deferred,ORG
G r u p h e n e r e,ORG
n f n n c n g r r n g e e n third party,ORG
"31 , 2024",DATE
"31 , 2023",DATE
n n,ORG
372,PRODUCT
731,MONEY
year ended March 31,DATE
2023,CARDINAL
118,CARDINAL
third,ORDINAL
Group,ORG
2,CARDINAL
13,CARDINAL
India,GPE
17,CARDINAL
19 _ 20250123 _ 092259,MONEY
2,CARDINAL
AO,ORG
10,CARDINAL
INSTRUMENTS Accounting,ORG
2,CARDINAL
10,CARDINAL
1,CARDINAL
recognition Group,ORG
2,CARDINAL
10,CARDINAL
2,CARDINAL
F V P L,ORG
Group,ORG
counter party,ORG
Group,ORG
109,CARDINAL
Financial Instruments,ORG
r v v e h e h e r n e g n e h e g e,ORG
c v e p e r n 109,ORG
z e f,DATE
n n c l e r f n n c l l b l,ORG
Consolidated Statement Profit Loss,ORG
q u e n n l r e c g n n,ORG
g n r l e r e n c l u e n income .,ORG
n l b l e f h e r e e h e r h e l,ORG
x p,ORG
12,CARDINAL
Group,ORG
c v e p r n f c h n g e n h,ORG
n h e r c p r e h e n v e n c e,ORG
Consolidated Statement Profit Loss,ORG
n n l n g e r e e h e c r e r f r h,ORG
n n g,ORG
n n g c n n u e p r p e c v e l .,ORG
Consolidated Statement Profit Loss,ORG
Consolidated Statement Profit Loss,ORG
2,CARDINAL
10,CARDINAL
3,CARDINAL
Group de,ORG
109,CARDINAL
Group,ORG
18,CARDINAL
Condensed Consolidated Financial Statements Indian Accounting Standards,ORG
"three months year ended March 31 , 2024",DATE
Condensed Consolidated Balance Sheet,ORG
Condensed Consolidated Statement Profit Loss,ORG
Condensed Consolidated Statement Changes Equity,ORG
Condensed Consolidated Statement Cash Flows,ORG
1,CARDINAL
1 .,CARDINAL
2,CARDINAL
1 .,CARDINAL
3,CARDINAL
1 .,CARDINAL
4,CARDINAL
1 .,CARDINAL
5,CARDINAL
2,CARDINAL
2,CARDINAL
1,CARDINAL
2,CARDINAL
2 Property,PRODUCT
2,CARDINAL
3,CARDINAL
Goodwill,ORG
2,CARDINAL
4,CARDINAL
2,CARDINAL
5,CARDINAL
2,CARDINAL
6,CARDINAL
2,CARDINAL
7,CARDINAL
2,CARDINAL
8,CARDINAL
2,CARDINAL
9,CARDINAL
2,CARDINAL
10,CARDINAL
2,CARDINAL
11,CARDINAL
2 .,CARDINAL
12,CARDINAL
2,CARDINAL
13,CARDINAL
2,CARDINAL
14,CARDINAL
2,CARDINAL
15,CARDINAL
2,CARDINAL
16,CARDINAL
2,CARDINAL
17,CARDINAL
2,CARDINAL
18,CARDINAL
2 . 19,CARDINAL
2,CARDINAL
20,CARDINAL
2,CARDINAL
21,CARDINAL
22,CARDINAL
2,CARDINAL
23,CARDINAL
2,CARDINAL
24,CARDINAL
Condensed Consolidated Statement Profit Loss,ORG
20,CARDINAL
2,CARDINAL
10,CARDINAL
4,CARDINAL
Group,ORG
n c l u e c u n e c h f l w n l,ORG
p n p,ORG
k,GPE
u l p l e,ORG
r k e p r c e n e l e r quotes,ORG
one year,DATE
Balance Sheet,PERSON
2,CARDINAL
10,CARDINAL
Impairment Group,ORG
un,ORG
un,ORG
F r l l h e r f,PRODUCT
12,CARDINAL
n l e h e r e h b e e n g n f c n n c r e e n c r e r k f r n l r e c g n n,ORG
Group,ORG
n p r e,ORG
Consolidated Statement Profit Loss,ORG
"March 31 , 2024",DATE
₹,FAC
Particulars Amortized,PERSON
Financial,ORG
Financial,ORG
OC Designated Mandatory Equity,ORG
8,CARDINAL
14,DATE
786,CARDINAL
14,CARDINAL
786,CARDINAL
4,CARDINAL
206,CARDINAL
206,CARDINAL
1,CARDINAL
759,CARDINAL
1,CARDINAL
759 1,CARDINAL
973,CARDINAL
1,CARDINAL
2,CARDINAL
615,CARDINAL
2,CARDINAL
2,CARDINAL
615,CARDINAL
Target,ORG
431,CARDINAL
431 431 Non,MONEY
4,CARDINAL
179 4,DATE
179 4,DATE
179,CARDINAL
7,CARDINAL
362,CARDINAL
7,DATE
362,CARDINAL
362,CARDINAL
4,CARDINAL
830 4,DATE
830 4,DATE
830,CARDINAL
3,CARDINAL
3,CARDINAL
3,CARDINAL
043,CARDINAL
198,CARDINAL
198 198,CARDINAL
7,CARDINAL
30,DATE
193,CARDINAL
30,CARDINAL
193 30,DATE
193,CARDINAL
5,CARDINAL
282,CARDINAL
282 282,CARDINAL
2,CARDINAL
6,CARDINAL
3,CARDINAL
15,DATE
106,CARDINAL
61,CARDINAL
23 15,DATE
190 15,DATE
106,CARDINAL
2,CARDINAL
62,CARDINAL
126,CARDINAL
3,CARDINAL
305,CARDINAL
437 85,DATE
074 85,DATE
204,CARDINAL
3,CARDINAL
956,CARDINAL
3,CARDINAL
3,CARDINAL
956,CARDINAL
19,CARDINAL
8,DATE
359,CARDINAL
8,CARDINAL
359 8,DATE
359,CARDINAL
Financial Liability,ORG
597,CARDINAL
597 597,CARDINAL
2,CARDINAL
12,CARDINAL
2,CARDINAL
12,CARDINAL
15,DATE
750,CARDINAL
30,CARDINAL
1 15,CARDINAL
15,DATE
781,CARDINAL
28,CARDINAL
065,CARDINAL
627,CARDINAL
1 28,CARDINAL
693 28,DATE
693,CARDINAL
1,CARDINAL
2,CARDINAL
₹ 84,FAC
3,CARDINAL
un,ORG
19,CARDINAL
21,CARDINAL
"March 31 , 2023",DATE
₹,FAC
Particulars Amortized Financial,ORG
Financial,ORG
OC,ORG
Designated Mandatory Equity,ORG
8,CARDINAL
12,DATE
173,CARDINAL
12,CARDINAL
173 12,DATE
173,CARDINAL
4,CARDINAL
196,CARDINAL
196 196,QUANTITY
1,CARDINAL
920,CARDINAL
1,CARDINAL
920 2,DATE
148,CARDINAL
1,CARDINAL
975,CARDINAL
975,CARDINAL
Target,ORG
402,CARDINAL
402 402 Non,QUANTITY
3,CARDINAL
3,DATE
7,CARDINAL
7,DATE
632,CARDINAL
632,CARDINAL
742,CARDINAL
3,CARDINAL
574 3,CARDINAL
574 3,CARDINAL
574,CARDINAL
169,CARDINAL
169 169,CARDINAL
7,CARDINAL
25,DATE
424,CARDINAL
25,CARDINAL
424 25,CARDINAL
424,CARDINAL
5,CARDINAL
328,CARDINAL
328 328,CARDINAL
2,CARDINAL
6,CARDINAL
3,CARDINAL
14,DATE
301,CARDINAL
69,CARDINAL
32 14,DATE
402,CARDINAL
14,DATE
318,CARDINAL
2,CARDINAL
54,CARDINAL
146,CARDINAL
1,CARDINAL
615,CARDINAL
848 71,DATE
805 71,DATE
949,CARDINAL
3,CARDINAL
865,CARDINAL
3,CARDINAL
865 3,DATE
865,CARDINAL
19,CARDINAL
8,DATE
299,CARDINAL
8,CARDINAL
299 8,DATE
299,CARDINAL
Financial Liability,ORG
600,CARDINAL
600 600,CARDINAL
2,CARDINAL
12,CARDINAL
2,CARDINAL
12,CARDINAL
17,DATE
359,CARDINAL
161,CARDINAL
14 17,DATE
534,CARDINAL
29,CARDINAL
523,CARDINAL
761,CARDINAL
14 30,DATE
298 30,CARDINAL
298,CARDINAL
1,CARDINAL
2,CARDINAL
₹ 84,FAC
3,CARDINAL
un,ORG
p b l e,ORG
n p b l,ORG
n g w h n n e e r f r h e B l n,ORG
n p p r x e h e f r v l u e u e h e short maturity,ORG
Level 1 - Quoted,PERSON
n j u e,ORG
Level 2 - Inputs,PERSON
Level 1,PERSON
Level 3 - Inputs,PERSON
"March 31 , 2024",DATE
₹,FAC
Particulars,PERSON
March 31,DATE
Fair,ORG
2024,DATE
2,CARDINAL
4,CARDINAL
2,CARDINAL
2,CARDINAL
615,CARDINAL
431 431,CARDINAL
1,CARDINAL
944 1,CARDINAL
944,CARDINAL
29 29,CARDINAL
4,CARDINAL
179 3,DATE
922 257,CARDINAL
7,CARDINAL
362,CARDINAL
7,DATE
289 73,CARDINAL
115,CARDINAL
115,CARDINAL
91,CARDINAL
91,CARDINAL
4,CARDINAL
830,CARDINAL
4,DATE
830,CARDINAL
3,CARDINAL
043,CARDINAL
3,CARDINAL
043,CARDINAL
198,CARDINAL
198,CARDINAL
Others Derivative,WORK_OF_ART
84 84,CARDINAL
2,CARDINAL
6,CARDINAL
Liabilities Derivative,ORG
31 31,DATE
2,CARDINAL
12,CARDINAL
2,CARDINAL
12,CARDINAL
1,CARDINAL
597,CARDINAL
597,CARDINAL
1,CARDINAL
9 %,PERCENT
15 %,PERCENT
20,CARDINAL
22,CARDINAL
"year ended March 31 , 2024",DATE
₹ 2,FAC
143,CARDINAL
Level 2 Level 1,ORG
₹ 73,FAC
Level 1 Level 2,ORG
"March 31 , 2023",DATE
₹,FAC
Particulars Fair,ORG
"March 31 , 2023",DATE
2,CARDINAL
4,CARDINAL
975 975,CARDINAL
402 402,CARDINAL
2,CARDINAL
120 1,DATE
331 789,CARDINAL
28 28,CARDINAL
3,CARDINAL
2,CARDINAL
075,CARDINAL
7,CARDINAL
632,CARDINAL
7,DATE
549 83,CARDINAL
3,CARDINAL
3,CARDINAL
193,CARDINAL
193,CARDINAL
742,CARDINAL
742,CARDINAL
3,CARDINAL
574,CARDINAL
3,CARDINAL
574,CARDINAL
169,CARDINAL
169,CARDINAL
101,CARDINAL
101,CARDINAL
2,CARDINAL
6,CARDINAL
Liabilities Derivative,ORG
78,CARDINAL
78,CARDINAL
2,CARDINAL
12,CARDINAL
2,CARDINAL
12,CARDINAL
1,CARDINAL
600,CARDINAL
600,CARDINAL
2,CARDINAL
12,CARDINAL
1,CARDINAL
97,CARDINAL
1,CARDINAL
10 %,PERCENT
15 %,PERCENT
"year ended March 31 , 2023",DATE
n,ORG
383,MONEY
F,ORG
611,CARDINAL
one,CARDINAL
Level 3,PERSON
Group,ORG
Level 1 Level 2,ORG
treasury,ORG
Tier,PERSON
Capital Adequacy Ratio,ORG
Credit Rating,ORG
Group,ORG
21,CARDINAL
23,CARDINAL
2,CARDINAL
AO,ORG
11,CARDINAL
EQUITY Accounting,ORG
Treasury,ORG
Group,ORG
n l h e r e c n c e l l e,ORG
q u e n l,ORG
n n c r e e n e q u,ORG
n h e r e u l n g u r p l,ORG
Capital Redemption Reserve,ORG
69,CARDINAL
2013,DATE
C p n c r e e c p l r e e p n r e e r v e e q u l h e n n l v l u e f h e h r e,ORG
n p p r p r n,ORG
Group,ORG
general reserve,ORG
n reserve,ORG
EZ,ORG
Sec,ORG
10,CARDINAL
1,CARDINAL
1961,DATE
Sec,ORG
10,CARDINAL
1961,DATE
Indian,NORP
u l v e g n r l p r e v u l r e c g n z e,ORG
n h e c h,ORG
C n l e e e,ORG
₹,ORG
"March 31 , 2024 March 31 , 2023",DATE
₹ 5 / - par,LAW
4,CARDINAL
80,DATE
00,DATE
00,DATE
"4 , 80",DATE
00,DATE
00,DATE
000,CARDINAL
2,CARDINAL
400 2,DATE
400,CARDINAL
Subscribed Paid -,PERSON
₹ 5 / - par,LAW
1,CARDINAL
2,CARDINAL
071 2,CARDINAL
4,DATE
13,DATE
99,DATE
50,DATE
635,CARDINAL
"4 , 13",DATE
63,DATE
87,DATE
925,CARDINAL
2,CARDINAL
2,CARDINAL
071 2,CARDINAL
069,CARDINAL
"₹ 1 ,",FAC
500,CARDINAL
2,CARDINAL
20,CARDINAL
2,CARDINAL
1,CARDINAL
09,DATE
16,DATE
829,CARDINAL
"1 , 21 ,",DATE
72,DATE
119,CARDINAL
one,CARDINAL
₹ 5 / -,LAW
American Deposit,ORG
ADS,ORG
one,CARDINAL
Company,ORG
n l e r e c e v e n f h e r e,ORG
n n g e f h e C p n n p r p r n h e n u b e r f e q u h r e h e l,ORG
22,CARDINAL
24,CARDINAL
"March 31 , 2024 March 31 , 2023",DATE
₹,ORG
"March 31 , 2024 March 31 ,",DATE
2023,DATE
413,CARDINAL
63,DATE
87,DATE
925 2,DATE
069 419,CARDINAL
30,DATE
12,DATE
2,CARDINAL
098,CARDINAL
35,CARDINAL
62,DATE
710,CARDINAL
01,DATE
344 1,QUANTITY
6,CARDINAL
04,DATE
26,DATE
348 30,DATE
413,CARDINAL
99,DATE
50,DATE
635 2,CARDINAL
071,CARDINAL
413,CARDINAL
63,DATE
87,DATE
925 2,DATE
069 Capital,ORG
year 2025,DATE
C p n e x p,ORG
n n u e h e p l c,ORG
n n g p p r x e l 85 % f h e f r e e c h f l w,ORG
5,CARDINAL
Company,ORG
annual,DATE
FRS,ORG
n n,ORG
k n c l u e,ORG
Buy,PERSON
February 2023,DATE
Board,ORG
"October 13 , 2022",DATE
Indian,NORP
"n n g ₹ 9 ,",ORG
300,CARDINAL
850 p,MONEY
p p r v l,ORG
Postal Ballot,ORG
"December 3 , 2022",DATE
c k w f f e r e l l e q u h r e h l e r f h e C p n ( h e r h,ORG
G r u p n P e r n n C n r l f h e C p n,ORG
r h e p e n market route stock exchange,ORG
"December 7 , 2022",DATE
"February 13 , 2023",DATE
60,CARDINAL
426,CARDINAL
348,CARDINAL
k p r c e f ₹ 1,ORG
539,CARDINAL
06,CARDINAL
1,CARDINAL
44 %,PERCENT
"₹ 9 ,",LAW
300,CARDINAL
Securities Premium,ORG
Section 68 Companies Act,LAW
2013,DATE
section 69 Companies Act,LAW
2013,DATE
"31 , 2023",DATE
C p n h,ORG
30,MONEY
q u l h e n n l v l u e f h e h r,ORG
C p n,ORG
n p e n,ORG
n c p l h r e h l e r,ORG
n e w h r e r b u b c k u e h r e .,ORG
"March 31 , 2024",DATE
one,CARDINAL
Company,ORG
Indian,NORP
India,GPE
Indian,NORP
Three months ended March 31,DATE
"Year ended March 31 , 2024 2023",DATE
fiscal 2022,DATE
16,CARDINAL
00,CARDINAL
fiscal 2023,DATE
16,CARDINAL
50,CARDINAL
fiscal 2023,DATE
17,CARDINAL
50,CARDINAL
fiscal 2024,DATE
"18 . 00 — year ended March 31 , 2024",DATE
fiscal 2023,DATE
fiscal 2024,DATE
₹,ORG
14,MONEY
692,CARDINAL
treasury,ORG
"April 18 , 2024 r e c e n e f n l v e",DATE
"31 , 2024",DATE
n p e c l v e n f ₹,ORG
AGM Company,ORG
"June 26 , 2024",DATE
592,CARDINAL
treasury,ORG
Group,ORG
Info ys Expanded Stock Ownership Program,ORG
2019,DATE
2019,DATE
"June 22 , 2019",DATE
n p p r v l b h e h r e h l e r n h e n n u l G e n e r l e e n g,ORG
n u h r z,ORG
n p r v e h r e - b e n c e n v e e l g b l e employees Company,ORG
2019,CARDINAL
2019,DATE
5,CARDINAL
00,DATE
00,DATE
000,CARDINAL
2019,DATE
4,DATE
50,DATE
00,DATE
000,CARDINAL
Info ys Expanded Stock Ownership Trust,ORG
Restricted Stock Units,ORG
2019,DATE
Plans,NORP
annual,DATE
N n n n Remuneration Committee,ORG
Total Shareholder Return,PERSON
p u r p e f c,ORG
q u n f h,ORG
1,CARDINAL
3 years,DATE
2015,DATE
"March 31 , 2016",DATE
p u r u n h e p p r v l b h e h r e h l e r h r u g h p l b l l,ORG
n l l h r e - b e n c e n v e e l g b l e e p l e e Company,ORG
2015,DATE
2015,DATE
Plans,NORP
2,CARDINAL
40,DATE
38,DATE
883,CARDINAL
1,CARDINAL
12,DATE
23,DATE
576,CARDINAL
"2011 Plan March 31 , 2016",DATE
4 years,DATE
September 2018,DATE
RS Us,ORG
4 years,DATE
Nomination Remuneration Committee,ORG
q u l h e p r v l u e f h e h r e n h e e x e r c e p r c e f h e c k p n w u l b e h e r k e p r c e n h e e,ORG
10,CARDINAL
916,CARDINAL
"829 1 , 21 , 72",DATE
119,CARDINAL
"March 31 , 2024 March 31 , 2023",DATE
2015,DATE
2,CARDINAL
00,DATE
000,CARDINAL
"March 31 , 2024 March 31 , 2023",DATE
23,CARDINAL
25,CARDINAL
"three months year ended March 31 , 2024 March 31 , 2023 :",DATE
"Three months ended Three months ended Year ended Year ended March 31 , March 31 , March 31 , March 31 , 2024 2023",DATE
RS Us Key Management Personnel,ORG
26,CARDINAL
900 33,CARDINAL
750 141,CARDINAL
171,CARDINAL
210,CARDINAL
643 77,DATE
80,CARDINAL
154 498,CARDINAL
730,CARDINAL
367,CARDINAL
479,CARDINAL
KM P 3,ORG
582,CARDINAL
471 3,DATE
329,CARDINAL
240 4,DATE
046,CARDINAL
3,DATE
704,CARDINAL
014 3,CARDINAL
442,CARDINAL
700 1,DATE
736,CARDINAL
925 4,DATE
640,CARDINAL
640 1,DATE
784,CARDINAL
975,CARDINAL
3,DATE
609,CARDINAL
371 3,CARDINAL
362,CARDINAL
990 4,DATE
187,CARDINAL
3,CARDINAL
914,CARDINAL
657 3,DATE
519,CARDINAL
"794 1 ,",PERCENT
817,CARDINAL
079 5,DATE
139,CARDINAL
370 2,CARDINAL
152,CARDINAL
454,CARDINAL
RS U Key Management Personnel,ORG
040 92,CARDINAL
400 176,CARDINAL
990 92,DATE
400,CARDINAL
040 92,CARDINAL
400 176,CARDINAL
990 92,DATE
400,CARDINAL
3,CARDINAL
609,CARDINAL
371 3,CARDINAL
362,CARDINAL
990 4,DATE
187,CARDINAL
3,CARDINAL
914,CARDINAL
657 3,DATE
688,CARDINAL
834 1,CARDINAL
909,CARDINAL
479 5,DATE
316,CARDINAL
360 2,CARDINAL
244,CARDINAL
854 Notes,CARDINAL
KM,ORG
2015,DATE
n p r l,ORG
"13 , 2023",DATE
n n f h e N n n n R,ORG
p p r v e h e f l l w,ORG
2024,DATE
p p r v l,ORG
"May 2 , 2023",DATE
72,DATE
026,CARDINAL
n n u l,ORG
₹ 34,LAW
75,CARDINAL
RS,ORG
Us,GPE
656 p,MONEY
n n u l p e r f r n,ORG
n l n e w h,ORG
e p l e n g r e e e n b e n c h e v e e n,ORG
Board,ORG
140,CARDINAL
n n u l p e r f r n,ORG
n l n e w h,ORG
e p l e n g r e e e n b e n C p n,ORG
Board,ORG
e p l e e g r e e e n w h,ORG
"n p p r v e b h e h r e h l e r , h e C E e l g b l e r e c e v e n n n u l g r n f R U",ORG
three,CARDINAL
annual,DATE
year,DATE
n g l,ORG
n n u l e - b,ORG
18,DATE
104,CARDINAL
"February 1 , 2024 fiscal 2024",DATE
annual,DATE
annual,DATE
TSR,ORG
"March 31 , 2027 h v e",DATE
"31 , 2024",DATE
102,CARDINAL
102,CARDINAL
"July 1 , 2022",DATE
2019,DATE
"April 13 , 2023",DATE
Nomination Remuneration Committee,ORG
RS,ORG
Us,GPE
₹ 10 crore fiscal 2024 2019 Plan,LAW
RS,ORG
Us,GPE
78,DATE
281,CARDINAL
RS,ORG
"May 2 , 2023",DATE
KM,ORG
2015,DATE
"year ended March 31 , 2024",DATE
Nomination Remuneration Committee,ORG
B r p p r v e 1,ORG
47,DATE
030,CARDINAL
6,CARDINAL
774 p,MONEY
RS,ORG
Us,GPE
KM P,ORG
2015,DATE
Time,ORG
RS Us,PERSON
three four years,DATE
RS,ORG
Us,GPE
three years,DATE
2019,DATE
"year ended March 31 , 2024",DATE
Nomination Remuneration Committee,ORG
B r p p r v e p e r f r n,ORG
62,DATE
890,CARDINAL
2019,DATE
RS,ORG
Us,GPE
three years,DATE
₹,FAC
"Three months ended Year ended Particulars March 31 , March 31 , 2024 2023",DATE
KM P,ORG
17,CARDINAL
49,CARDINAL
KM,ORG
208,CARDINAL
125,CARDINAL
470,CARDINAL
1,CARDINAL
225,CARDINAL
133,CARDINAL
652,CARDINAL
519,CARDINAL
1,CARDINAL
4,CARDINAL
2,CARDINAL
13,CARDINAL
Monte Carlo,PERSON
TSR,ORG
x p,ORG
x p,ORG
x p,ORG
x p,ORG
Company,ORG
Fiscal 2024 - Fiscal 2024 - Fiscal 2023 - Fiscal 2023,DATE
U Weighted,ORG
₹,ORG
1,CARDINAL
588 19,DATE
19 1,CARDINAL
525,CARDINAL
18,CARDINAL
08,CARDINAL
₹,ORG
5,CARDINAL
00 0,CARDINAL
07 5 . 00 0,DATE
07,CARDINAL
23,CARDINAL
27 - 34,CARDINAL
1,CARDINAL
2,CARDINAL
4,CARDINAL
₹,ORG
1,CARDINAL
317,CARDINAL
27 1,CARDINAL
210,CARDINAL
13,CARDINAL
69,CARDINAL
RS,PERSON
RS,ORG
RS,ORG
24,CARDINAL
26,CARDINAL
2,CARDINAL
AO,ORG
12,CARDINAL
₹,FAC
Particulars,PERSON
"March 31 , 2024 March 31",DATE
2023,DATE
1,CARDINAL
1,CARDINAL
779 1,CARDINAL
628,CARDINAL
89 83,DATE
2,CARDINAL
98,MONEY
1,CARDINAL
4,CARDINAL
157 342,CARDINAL
2,CARDINAL
130 2,DATE
Current Unpaid,PERSON
1,CARDINAL
37 37,DATE
1,CARDINAL
454 4,DATE
174,CARDINAL
1,CARDINAL
224 7,DATE
802 Payable,PERCENT
2,CARDINAL
97,CARDINAL
1,CARDINAL
211,CARDINAL
211,CARDINAL
2,CARDINAL
622 2,DATE
399,CARDINAL
2,CARDINAL
499,MONEY
600,CARDINAL
2,CARDINAL
3 ),DATE
78,CARDINAL
1,CARDINAL
310 674,CARDINAL
1,CARDINAL
4,CARDINAL
571 2,CARDINAL
486,CARDINAL
16,CARDINAL
959 18,DATE
558,CARDINAL
19,CARDINAL
20,CARDINAL
616,CARDINAL
1,CARDINAL
15,CARDINAL
17,DATE
359,CARDINAL
2,CARDINAL
627 761,CARDINAL
3,CARDINAL
1 14,CARDINAL
un,ORG
690,CARDINAL
676,PRODUCT
un,ORG
101,CARDINAL
4,CARDINAL
n n e 2 .,ORG
9,CARDINAL
n v e r b h e G r u p f r c u e r p r f r n f r n p r j,ORG
Group,ORG
115,CARDINAL
Deferred,ORG
third,ORDINAL
"March 31 , 2024 March 31 , 2023",DATE
₹ 372,LAW
731,MONEY
F,ORG
March 31,DATE
2023,CARDINAL
₹,ORG
118,CARDINAL
n b e h l f Group,ORG
Group,ORG
third,ORDINAL
2,CARDINAL
13,CARDINAL
₹,FAC
Particulars,PERSON
"March 31 , 2024 March 31",DATE
2023,DATE
159,CARDINAL
76 55,DATE
235 500,MONEY
7,CARDINAL
341,CARDINAL
7,DATE
163,CARDINAL
3,CARDINAL
185 3,DATE
632,CARDINAL
5 4 Others,DATE
8 31,DATE
10,CARDINAL
830,CARDINAL
10,CARDINAL
11,MONEY
330,CARDINAL
25,CARDINAL
27,CARDINAL
2,CARDINAL
14,CARDINAL
PROVISIONS Accounting,ORG
u l f p e v e n,ORG
G r u p h p r e e n l e g l r c n,ORG
n b l e b l e,ORG
n p r b b l,ORG
Group,ORG
Consolidated Statement Profit Loss,ORG
Group,ORG
Group,ORG
e p r v n,ORG
n v l u e f h e l w e r f h e e x p,ORG
Group,ORG
₹,FAC
Particulars,PERSON
"March 31 , 2024 March 31 , 2023",DATE
1,CARDINAL
1,CARDINAL
307,CARDINAL
1,CARDINAL
307,CARDINAL
1 year,DATE
26,CARDINAL
28,CARDINAL
2,CARDINAL
13,CARDINAL
13,CARDINAL
AO,ORG
15,CARDINAL
x p e n e r e,ORG
n n e p r f n h e C n l e e e n f P r f n L,ORG
n w h,ORG
q u r h e r c p r e,ORG
n v e n c e,ORG
Balance Sheet,ORG
Balance Sheet,ORG
years,DATE
un,ORG
Consolidated Statement Profit Loss,ORG
₹,FAC
Particulars,PERSON
Three months ended March 31,DATE
"Year ended March 31 , 2024 2023",DATE
1,CARDINAL
173 2,DATE
260 8,DATE
390 9,DATE
287,CARDINAL
1,CARDINAL
092,CARDINAL
350,CARDINAL
73,CARDINAL
2,CARDINAL
265 2,CARDINAL
332 9,DATE
740 9,DATE
214,CARDINAL
"three months ended March 31 , 2024 March 31 , 2023",DATE
871,MONEY
₹ 71,FAC
"year ended March 31 , 2024 March 31 , 2023",DATE
937,MONEY
₹,ORG
106,MONEY
"quarter ending March 31 , 2024",DATE
250,CARDINAL
1961,DATE
Income Tax Authorities India,ORG
2007 - 08,DATE
Company,ORG
1,CARDINAL
933,CARDINAL
525,MONEY
u p n r e l u n f h e p u e,ORG
628,CARDINAL
"three months year ended March 31 , 2024 March 31 ,",DATE
2023,DATE
US,GPE
March 2021,DATE
APA,ORG
US,GPE
27,CARDINAL
29,CARDINAL
2,CARDINAL
AO,ORG
16,CARDINAL
REVENUE OPERATIONS Accounting policy Group,ORG
n u l n g n p,ORG
Group,ORG
“ f w r,PRODUCT
n h e c n r c l e g l l e n f r c e b l e,ORG
u p n r n f e r f c n r l f p r e p r u c r services,ORG
Group,ORG
n l e p r e l h e best,ORG
Group,ORG
n f w r k b e c n r c,ORG
F x e p,PRODUCT
Group,ORG
e p r e e,ORG
g w r,ORG
k p e r f r e,ORG
un,ORG
Group,ORG
G r u p u n b l e e e r n e h e n l n e e l l n g p r c e,ORG
G r u p u e h e e x p,ORG
Group,ORG
Group,ORG
- p l,ORG
n p p r c h n e,ORG
n l n e e l l n g p,ORG
n e w h e r e h e customer obtains,ORG
three,CARDINAL
n n n n n u l e c h n c l e r v c e (,ORG
n p l e e n n e r v,ORG
two,CARDINAL
g p,ORG
Group,ORG
u b n l l,ORG
z,DATE
p r f h e p l e e,ORG
n n,ORG
third,ORDINAL
third,ORDINAL
Group,ORG
Group,ORG
G r u p f r e v l u e w h e h e r b n c n r l,ORG
h e p e c f e g r e r v,ORG
u l n n c p e r f r n,ORG
28,CARDINAL
2,CARDINAL
₹,FAC
Condensed Consolidated Balance Sheets Note,ORG
"March 31 , 2024 March 31 , 2023",DATE
Property,ORG
2,CARDINAL
2 12,CARDINAL
370 13,DATE
346,CARDINAL
2 .,DATE
6,DATE
882,CARDINAL
293,CARDINAL
2,CARDINAL
3 7,CARDINAL
303,CARDINAL
7,DATE
248,CARDINAL
1,CARDINAL
1,CARDINAL
749,CARDINAL
2,CARDINAL
4 11,CARDINAL
12,CARDINAL
569,CARDINAL
2,CARDINAL
5,CARDINAL
39,CARDINAL
2,CARDINAL
6 3,CARDINAL
105 2,CARDINAL
798,CARDINAL
454 1,CARDINAL
245,CARDINAL
3,CARDINAL
6,DATE
453,CARDINAL
2,CARDINAL
9 2,CARDINAL
121 2,DATE
318,CARDINAL
48,DATE
382 54,DATE
935,CARDINAL
2,CARDINAL
4 12,CARDINAL
915 6,DATE
909,CARDINAL
2,CARDINAL
7 30,CARDINAL
25,CARDINAL
424,CARDINAL
2,CARDINAL
8 14,CARDINAL
786 12,CARDINAL
173,CARDINAL
2,CARDINAL
5,CARDINAL
248 289,CARDINAL
2,CARDINAL
6 12,CARDINAL
085 11,CARDINAL
604,CARDINAL
6,CARDINAL
6,CARDINAL
2,CARDINAL
9 12,CARDINAL
808,CARDINAL
14,DATE
476,CARDINAL
89,DATE
70,DATE
881,CARDINAL
137,CARDINAL
814 125,CARDINAL
816,CARDINAL
2,CARDINAL
11 2,CARDINAL
071 2,CARDINAL
069,CARDINAL
86,DATE
045 73,CARDINAL
338,CARDINAL
88,CARDINAL
116 75,DATE
345,CARDINAL
88,CARDINAL
461 75,DATE
795,CARDINAL
Financial Liabilities Lease,ORG
2 .,DATE
400 7,DATE
057,CARDINAL
2,CARDINAL
12 2,CARDINAL
130 2,DATE
058,CARDINAL
1,CARDINAL
220,CARDINAL
2,CARDINAL
13,CARDINAL
500,CARDINAL
10,CARDINAL
835,CARDINAL
2 .,DATE
19 1,CARDINAL
959 1,DATE
242,CARDINAL
3,CARDINAL
3,CARDINAL
865,CARDINAL
2,CARDINAL
12 16,CARDINAL
959 18,DATE
558,CARDINAL
2,CARDINAL
13 10,CARDINAL
830,CARDINAL
2,CARDINAL
14 1,DATE
1,CARDINAL
307,CARDINAL
3,CARDINAL
3,CARDINAL
384,CARDINAL
38,CARDINAL
39,DATE
186,CARDINAL
137,CARDINAL
814 125,CARDINAL
816,CARDINAL
De loi,ORG
& Sells P,ORG
Info ys Limited Chartered Accountants Firm ’ Registration,ORG
Sanji v V,PERSON
Sunda ram,ORG
Bobby Par,PERSON
Bengaluru Jay,PERSON
Mani,PERSON
"April 18 , 2024",DATE
1,CARDINAL
30,CARDINAL
Group,ORG
n n r e,ORG
n n r r n f r n c,ORG
n e p r e p e r f r n,ORG
n e w h e n u c h c (,ORG
Group,ORG
Consolidated Statement Profit Loss,ORG
"three months year ended March 31 , 2024 March 31 , 2023",DATE
₹,FAC
Particulars,PERSON
Three months ended March 31,DATE
"Year ended March 31 , 2024 2023",DATE
36,CARDINAL
35,DATE
199 145,CARDINAL
285 137,CARDINAL
575,CARDINAL
1,CARDINAL
859 2,CARDINAL
242,CARDINAL
8,DATE
385 9,DATE
192,CARDINAL
37,CARDINAL
923 37,DATE
441 153,CARDINAL
670 146,CARDINAL
767 Products & platforms Group,ORG
Fina,PERSON
k n g l u n,ORG
"P n p l f r , n f E q u n x",ORG
Helix,NORP
Info ys Applied,PERSON
Info ys Cortex,ORG
Info,ORG
2,CARDINAL
23,CARDINAL
"three months year ended March 31 , 2024 March 31 , 2023 :",DATE
₹,FAC
Particulars,PERSON
Three months ended March 31,DATE
"Year ended March 31 , 2024 2023",DATE
North America,LOC
22,DATE
92,DATE
411 90,DATE
724,CARDINAL
Europe,LOC
42,DATE
267 37,DATE
India,GPE
833,CARDINAL
3,DATE
881 3,DATE
861,CARDINAL
3,CARDINAL
623 3,DATE
111,CARDINAL
14,DATE
507,CARDINAL
37,CARDINAL
923 37,DATE
441 153,CARDINAL
670 146,CARDINAL
767,PRODUCT
g r p h c l,ORG
"three months ended March 31 , 2024 March 31",DATE
54 %,PERCENT
52 %,PERCENT
"year ended March 31 , 2024 March 31 ,",DATE
2023,DATE
53 %,PERCENT
52 %,PERCENT
Trade Receivable Contract Balances,ORG
un,ORG
Group ’ Consolidated Balance Sheet,ORG
monthly,DATE
n n l,ORG
Un,ORG
un,ORG
un,ORG
Balance Sheet,PERSON
29,CARDINAL
31 _ 20250123 _ 092259,MONEY
2,CARDINAL
AO,ORG
17,CARDINAL
NET Accounting,ORG
u n g h,ORG
c v e n e r e e h .,PERSON
n n,ORG
Functional,ORG
Info ys,PERSON
Info ys BPM,PERSON
Edge Verve,GPE
kava,GPE
Info ys Green Forum,ORG
Dansk,GPE
Indian,NORP
Indian,NORP
r u n e crore,ORG
one,CARDINAL
ten million,CARDINAL
Balance Sheet,PERSON
Condensed Consolidated Statement Profit Loss,ORG
Non - n,ORG
N n - n e r e,ORG
x p e n e n c h - f l w e e n n e n f r e g n,ORG
n l,ORG
Balance Sheet,PERSON
x p e n e n c h - f l w e,ORG
c v e p e r .,ORG
g n r l,ORG
u b r p e f f,ORG
n f u l l,ORG
Condensed Consolidated Statement Profit Loss,ORG
n c l u e r n l n f f e r e n c e n n n - n e r f n n c l e e u r e f r v l u e h e r e p r n g e,ORG
Balance Sheet,PERSON
Group,ORG
Consolidated Statement Profit Loss,ORG
G v e r n,PERSON
Consolidated Statement Profit Loss,ORG
"three months year ended March 31 , 2024 March 31 , 2023",DATE
₹,FAC
Particulars,PERSON
Three months ended March 31,DATE
"Year ended March 31 , 2024 2023",DATE
31,CARDINAL
36,CARDINAL
131,CARDINAL
149,CARDINAL
Deposit Bank,ORG
222,CARDINAL
161,CARDINAL
929,CARDINAL
Non - c n v e r b l,ORG
318,CARDINAL
231 1,CARDINAL
007,CARDINAL
88,CARDINAL
61,CARDINAL
148,CARDINAL
1,CARDINAL
1,CARDINAL
916,CARDINAL
190,CARDINAL
647 ) Exchange,ORG
123,CARDINAL
91,CARDINAL
87 1,CARDINAL
87,CARDINAL
129,CARDINAL
207,CARDINAL
318,CARDINAL
2,CARDINAL
729,CARDINAL
4,CARDINAL
2,DATE
701,CARDINAL
30,DATE
32,CARDINAL
2,CARDINAL
18,CARDINAL
EXPENSES Accounting,ORG
Gratuity Pensions Group,ORG
Gratuity Plan ',ORG
Info ys Indian,PERSON
Gratuity Plan,ORG
Group,ORG
Info ys Limited Employees ' Gratuity Fund Trust,ORG
Trusts,NORP
Life Insurance Corporation India,ORG
Indian,NORP
Group,ORG
e p l n r e n g e b h r p r fund managers,ORG
h e p l n p r v e f r p e r c p u f e r r e r e e,ORG
n,ORG
u n n n c l u e e h n disability,ORG
Group,ORG
Balance Sheet,PERSON
Consolidated Statement Profit Loss,ORG
Info,PERSON
provident fund,ORG
Company,ORG
monthly,DATE
C p n,ORG
p r n h e,ORG
Info ys Limited Employees ' Provident Fund Trust,ORG
Indian,NORP
annual,DATE
India,GPE
C p n h n b l g n k,ORG
Indian,NORP
n f u n,ORG
n p l n,ORG
monthly,DATE
monthly,DATE
Info ys,PERSON
Info ys BPM Edge Verve,ORG
Group,ORG
monthly,DATE
Life Insurance Corporation India,ORG
Group,ORG
Balance Sheet,PERSON
Balance Sheet,ORG
31,CARDINAL
33,CARDINAL
₹,FAC
Particulars,PERSON
Three months ended March 31,DATE
"Year ended March 31 , 2024 2023",DATE
2024 2023,DATE
bonus 19,DATE
19,DATE
315 75,DATE
529,CARDINAL
547,CARDINAL
2,CARDINAL
213 2,CARDINAL
143,CARDINAL
2,CARDINAL
11,CARDINAL
225,CARDINAL
133,CARDINAL
652,CARDINAL
112,CARDINAL
440,CARDINAL
20,CARDINAL
393 20,DATE
311 82,CARDINAL
359,CARDINAL
555,CARDINAL
145 1,DATE
937,CARDINAL
Third,ORDINAL
3,CARDINAL
132 2,DATE
390 11,DATE
370 8,DATE
965 3,DATE
687 2,DATE
886 13,DATE
515 10,DATE
902,CARDINAL
Repairs,ORG
316,CARDINAL
1,CARDINAL
278 1,DATE
208,CARDINAL
46,CARDINAL
199,CARDINAL
176,CARDINAL
285,CARDINAL
265 1,CARDINAL
007,CARDINAL
905,CARDINAL
84,CARDINAL
326,CARDINAL
299,CARDINAL
47 41,DATE
170,CARDINAL
158,CARDINAL
53 43,DATE
129,CARDINAL
80,CARDINAL
75 120 Commission,MONEY
5,CARDINAL
4,CARDINAL
15,CARDINAL
Impairment,ORG
98,CARDINAL
86,CARDINAL
283,CARDINAL
Corporate Social Responsibility,ORG
182,CARDINAL
151,CARDINAL
533,CARDINAL
191,CARDINAL
181,CARDINAL
781,CARDINAL
583,CARDINAL
1,CARDINAL
146 4,DATE
716 4,DATE
392 2,DATE
19,CARDINAL
Leases Accounting Policy Group,ORG
Group,ORG
n f l e e f r l n,FAC
u l n g n c p u e r .,ORG
G r u p e e w h e h e r c n r c c n n l e e,ORG
n c e p n f contract,ORG
w h e h e r c n r c c n v e h e r g h c n r l h e u e f n e n f e e,ORG
u p e e w h,ORG
1,CARDINAL
n v l v e h e,ORG
2 ) Group,ORG
3 ) Group,ORG
G r u p r e c g n z,ORG
p f r l e e w h e r f w e l v e n h r l,FAC
l w v l u e l e e .,PERSON
F,ORG
n l w v l u e l e e,ORG
Group,ORG
G r u p e e r n e h e l e e e r h e n n - c n c e l l b l e p e r f l e e j u e w h n p n e x e n r e r n e h e l e e,ORG
G r u p c n e r f c r u c h,ORG
n h e p r n c e f h e u n e r l n g e Group,ORG
ROU,PERSON
Group,ORG
ROU,PERSON
Balance Sheet,ORG
32,CARDINAL
34 _ 20250123 _ 092259,MONEY
Leases Group,ORG
"three months ended March 31 , 2024 :",DATE
₹,FAC
Particulars Category ROU,PERSON
Land Buildings Vehicles Computers Total Balance,ORG
"January 1 , 2024",DATE
527,CARDINAL
18 2,DATE
6,DATE
892,CARDINAL
61,CARDINAL
376,CARDINAL
439,CARDINAL
215,CARDINAL
307,CARDINAL
#,CARDINAL
2,CARDINAL
185,CARDINAL
2,CARDINAL
234,CARDINAL
423,CARDINAL
13,CARDINAL
1,CARDINAL
35,CARDINAL
49 ) Balance,DATE
"March 31 , 2024",DATE
605 3,CARDINAL
298,CARDINAL
6,CARDINAL
552,CARDINAL
2,CARDINAL
18,CARDINAL
"three months ended March 31 , 2023 :",DATE
₹,FAC
Particulars Category ROU,PERSON
Land Buildings Vehicles Computers Total Balance,ORG
"January 1 , 2023 624 3",DATE
847,CARDINAL
1,CARDINAL
6,DATE
480,CARDINAL
228,CARDINAL
2,CARDINAL
33,CARDINAL
124,CARDINAL
157 ) Depreciation,MONEY
2,CARDINAL
171,CARDINAL
3,CARDINAL
179,CARDINAL
355,CARDINAL
"March 31 , 2023",DATE
623,CARDINAL
3,CARDINAL
896,CARDINAL
2,CARDINAL
882,CARDINAL
"year ended March 31 , 2024 :",DATE
₹,FAC
Particulars Category ROU,PERSON
Total Land Buildings Vehicles Computers Balance,ORG
"April 1 , 2023",DATE
3,CARDINAL
896,CARDINAL
2,CARDINAL
882,CARDINAL
394,CARDINAL
872 2,DATE
278,CARDINAL
10,CARDINAL
181,CARDINAL
1,CARDINAL
755,CARDINAL
947,CARDINAL
#,CARDINAL
88,CARDINAL
88 ) Depreciation,MONEY
6,CARDINAL
728,CARDINAL
10,CARDINAL
851,CARDINAL
1,CARDINAL
595,CARDINAL
2,CARDINAL
"March 31 , 2024",DATE
605 3,CARDINAL
298,CARDINAL
6,CARDINAL
552,CARDINAL
2,CARDINAL
18,CARDINAL
"year ended March 31 , 2023",DATE
₹,FAC
Particulars Category ROU,PERSON
Total Land Buildings Vehicles Computers Balance,ORG
"April 1 , 2022",DATE
3,DATE
711,CARDINAL
16 468 4,DATE
847,CARDINAL
646 3,DATE
501,CARDINAL
45,CARDINAL
364,CARDINAL
409 ) Depreciation,MONEY
6,CARDINAL
671,CARDINAL
10,CARDINAL
499,CARDINAL
1,CARDINAL
186,CARDINAL
1,CARDINAL
"March 31 , 2023",DATE
623,CARDINAL
3,CARDINAL
896,CARDINAL
2,CARDINAL
882,CARDINAL
ROU,ORG
Consolidated Statement Profit Loss,ORG
"March 31 , 2024 March 31 , 2023 :",DATE
₹,FAC
Particulars,PERSON
"March 31 , 2024 March 31 , 2023 Current",DATE
1,CARDINAL
959 1,CARDINAL
242,CARDINAL
6,CARDINAL
057,CARDINAL
8,CARDINAL
359 8,DATE
299 33,DATE
35,CARDINAL
2,CARDINAL
AO,ORG
20,CARDINAL
Group,ORG
n n g p e r e q u h r e c p u e b v n g h e n e p r f r b u b l e h e e q u,ORG
G r u p,ORG
l u v e p e n l e q u h r e r e j u e f r h e p r c e e r e c e v b l,ORG
n l e u e l e r e .,ORG
uti,CARDINAL
2,CARDINAL
21,CARDINAL
2,CARDINAL
21,CARDINAL
1,CARDINAL
₹,FAC
Particulars,PERSON
"March 31 , 2024 March 31",DATE
2023,DATE
Claims Group,ORG
1,CARDINAL
3,CARDINAL
583 4,DATE
762,CARDINAL
₹ 8,FAC
754,CARDINAL
₹ 6,LAW
539,CARDINAL
"1 ) March 31 , 2024",DATE
"31 , 2023",DATE
G r u p n c k n w l e g e e b n r e p e c f n c e x e r u n e ₹ 2,ORG
794,CARDINAL
4,MONEY
062,CARDINAL
Group,ORG
Income Tax Act,LAW
1961,DATE
Income Tax Authorities Management,ORG
Group,ORG
₹,ORG
8,CARDINAL
743,CARDINAL
₹ 6,LAW
528,CARDINAL
"March 31 , 2024 March 31 , 2023",DATE
34,CARDINAL
36,CARDINAL
2,CARDINAL
21,CARDINAL
2,CARDINAL
cC,ORG
November 2023,DATE
Info,PERSON
sMc C amish Systems,ORG
u b r f n f Limited,ORG
cC,ORG
"December 31 , 2023",DATE
cC,ORG
$ 38 million,MONEY
p p r x e,ORG
316,MONEY
cC,ORG
third,ORDINAL
cC,ORG
third,ORDINAL
Discovery,PRODUCT
cC,ORG
third,ORDINAL
Discovery,PRODUCT
cC,ORG
cC,ORG
"March 6 , 2024",DATE
n c p l n w f l e n h e,ORG
N,GPE
cC,ORG
"November 3 , 2023",DATE
United States,GPE
third,ORDINAL
2,CARDINAL
21,CARDINAL
3,CARDINAL
"Legal Proceedings Apart , Group",ORG
Group,ORG
2,CARDINAL
21,CARDINAL
₹,FAC
Particulars,PERSON
"March 31 , 2024 March 31",DATE
2023,DATE
780,CARDINAL
959,CARDINAL
1,CARDINAL
79 92,CARDINAL
1,CARDINAL
35,CARDINAL
37,CARDINAL
18,CARDINAL
22,CARDINAL
RELATED PARTY TRANSACTIONS Refer Company's,ORG
Annual,DATE
year ended March 31,DATE
2023,DATE
Company,ORG
"year ended March 31 , 2024",DATE
Info ys Americas Inc,ORG
n f Americas,ORG
Info ys Limited,ORG
"July 14 , 2023",DATE
GmbH,ORG
Wong Doo,PERSON
GmbH,PERSON
2,CARDINAL
Gd,ORG
Hs p,ORG
GmbH,CARDINAL
GmbH,PERSON
GmbH,PERSON
GmbH,PERSON
GmbH,PERSON
Wong Doo,PERSON
Gmbh,PERSON
Wong,PERSON
Gmbh,PERSON
GmbH,PERSON
Info ys Ltd,ORG
100 %,PERCENT
Dansk e Support Services India Private Limited,ORG
n k e,WORK_OF_ART
Dansk e renamed dunn Information Technology Private Limited,ORG
"April 1 , 2024",DATE
BPM Canada Inc,ORG
Wholly - w,PERSON
Info ys BPM Limited,ORG
"August 11 , 2023",DATE
Wholly - w,PERSON
Kaleidoscope Animations,ORG
"November 1 , 2023",DATE
Wong Doo,PERSON
"November 24 , 2023",DATE
State,ORG
Stater Participation B,LAW
Stater N,ORG
Info ys BPM Canada Inc,ORG
Wholly - w,PERSON
Info ys BPM Limited,ORG
Limited,ORG
Wong Doo,PERSON
Wong Doo,PERSON
Non - w h l e - e Directors - Uri Levine,ORG
"April 19 , 2023",DATE
Helene Au,PERSON
Po,FAC
p p n,ORG
"May 26 , 2023",DATE
p p n,ORG
"January 1 , 2024",DATE
Moh Joshi,PERSON
March 11,DATE
2023,DATE
"June 9 , 2023 last",DATE
jan,CARDINAL
Roy,PERSON
"March 31 , 2024",DATE
p p n e Chief Financial Officer,ORG
"April 1 , 2024",DATE
₹,FAC
Particulars,PERSON
Three months ended March 31,DATE
"Year ended March 31 , 2024 2023",DATE
30,CARDINAL
25,CARDINAL
113,CARDINAL
111,CARDINAL
1,CARDINAL
2 ) Commission,ORG
5,CARDINAL
4,CARDINAL
17 16,CARDINAL
35,CARDINAL
130,CARDINAL
127,CARDINAL
1,CARDINAL
k c p e n n e x p e n e f r h e h r e e n h e n e r c h,ORG
"31 , 2024",DATE
"31 , 2023",DATE
17,MONEY
8,CARDINAL
"year ended March 31 , 2024 March 31 , 2023",DATE
₹ 68,FAC
49,MONEY
2,CARDINAL
2,CARDINAL
post - e p l e n,ORG
36,CARDINAL
38,CARDINAL
2,CARDINAL
18,CARDINAL
AO,ORG
23,CARDINAL
108,CARDINAL
Group,ORG
n k e r ( C,ORG
G r u p ' p e r f r n c e n l l,ORG
n n n l,ORG
Group,ORG
Financial Services Insurance,ORG
"Retail , Consumer Packaged Goods Logistics",ORG
"Energy , Utilities , Resources Services",ORG
Communication,ORG
Life Sciences Healthcare,ORG
Financial Services,ORG
Fina cle,PERSON
India,GPE
Japan,GPE
China,GPE
Info ys Public Services & enterprises Public Services,ORG
Info ys Public,ORG
India,GPE
Japan,GPE
China,GPE
Group,ORG
n l l,ORG
Group,ORG
Group,ORG
2,CARDINAL
16,CARDINAL
"Three months ended March 31 , 2024 March 31 , 2023 :",DATE
₹,FAC
Financial Retail,ORG
2,CARDINAL
"Energy , Manufacturing Hi - e c h Life Total Services",ORG
1,CARDINAL
3 ) Utilities,ORG
4,CARDINAL
5,CARDINAL
10,CARDINAL
010 5,DATE
429 4,DATE
666 5,DATE
068 5,DATE
589 3,DATE
316 2,DATE
762 1,CARDINAL
37,DATE
923 10,DATE
411 4,DATE
825 5,DATE
2,CARDINAL
989 2,DATE
681 1,CARDINAL
102 37,DATE
441,CARDINAL
6,CARDINAL
2,CARDINAL
591 3,DATE
2,CARDINAL
3,CARDINAL
1,CARDINAL
995 1,DATE
639,CARDINAL
22,CARDINAL
325 6,DATE
161 2,DATE
869 2,CARDINAL
613 2,DATE
614 3,DATE
248 1,DATE
514,CARDINAL
21,CARDINAL
454,CARDINAL
Allocated,ORG
2,CARDINAL
027,CARDINAL
974,CARDINAL
823,CARDINAL
852,CARDINAL
518,CARDINAL
491,CARDINAL
209,CARDINAL
6,DATE
814 2,DATE
034,CARDINAL
840,CARDINAL
909,CARDINAL
928,CARDINAL
505,CARDINAL
462,CARDINAL
254 6,PRODUCT
989,CARDINAL
1,CARDINAL
1,CARDINAL
864,CARDINAL
810 1,CARDINAL
431 1,DATE
081,CARDINAL
803,CARDINAL
632,CARDINAL
222,CARDINAL
8,DATE
784 2,DATE
600 1,CARDINAL
634,CARDINAL
958 1,CARDINAL
302,CARDINAL
750,CARDINAL
705,CARDINAL
147 8,CARDINAL
998,CARDINAL
Un,ORG
1,CARDINAL
163 1,DATE
121,CARDINAL
17,CARDINAL
2,CARDINAL
729,CARDINAL
671,CARDINAL
110 82 Profit,MONEY
10,CARDINAL
466,CARDINAL
2,CARDINAL
265 2,CARDINAL
332,CARDINAL
7,CARDINAL
975 6,DATE
134,CARDINAL
1,CARDINAL
163 1,DATE
121,CARDINAL
37,CARDINAL
39,CARDINAL
"Year ended March 31 , 2024 March 31 , 2023 :",DATE
₹,FAC
Financial Retail,ORG
2,CARDINAL
"Energy , Manufacturing Hi - e c h Life Total Services",ORG
1,CARDINAL
3 ) Utilities,ORG
4,CARDINAL
5,CARDINAL
Particulars Resources Services Revenue,ORG
42,CARDINAL
158 22,CARDINAL
991 20,DATE
298 12,CARDINAL
411 11,DATE
515 4,DATE
758 153,CARDINAL
670 43,DATE
204 18,DATE
086 18,DATE
867 10,DATE
188 146,CARDINAL
767 Identifiable,PRODUCT
24,CARDINAL
704 11,CARDINAL
071 10,CARDINAL
838,CARDINAL
596 7,DATE
232 6,DATE
938 89,DATE
24,DATE
990 10,DATE
101 9,DATE
923 12,CARDINAL
493 6,DATE
959 5,DATE
834 2,CARDINAL
801 84,DATE
993,CARDINAL
Allocated,ORG
8,CARDINAL
052 3,DATE
232 3,DATE
674 3,DATE
026 1,DATE
27,DATE
368,CARDINAL
7,DATE
930 3,DATE
226 3,DATE
461 3,DATE
429 1,DATE
949 1,CARDINAL
26,MONEY
644,CARDINAL
9,CARDINAL
324 6,DATE
688 5,DATE
523 4,DATE
197 3,DATE
153 2,DATE
898,CARDINAL
36,DATE
425 10,DATE
6,CARDINAL
396 3,CARDINAL
5,DATE
155 3,DATE
959 2,DATE
566,CARDINAL
339,CARDINAL
35,CARDINAL
130,CARDINAL
Un,ORG
4,CARDINAL
678 4,DATE
225,CARDINAL
17,CARDINAL
4,DATE
2,DATE
701,CARDINAL
470,CARDINAL
35,DATE
322,CARDINAL
9,CARDINAL
740 9,DATE
214,CARDINAL
26,CARDINAL
248 24,DATE
108,CARDINAL
4,CARDINAL
678 4,DATE
225,CARDINAL
Financial Services,ORG
Financial Services Insurance,ORG
2,CARDINAL
"Retail , Consumer Packaged Goods Logistics",ORG
Communication,ORG
Life sciences Health,ORG
India,GPE
Japan,GPE
China,GPE
Info ys Public Services &,ORG
cC,ORG
2,CARDINAL
21,CARDINAL
3,CARDINAL
10 %,PERCENT
"three months year ended March 31 , 2024 March 31 , 2023",DATE
38,CARDINAL
₹,ORG
Condensed Consolidated Statement Profit Loss Note,ORG
Three months ended March 31,DATE
"Year ended March 31 , 2024 2023",DATE
2,CARDINAL
16 37,DATE
923 37,DATE
441 153,CARDINAL
670 146,CARDINAL
767,PRODUCT
2,CARDINAL
17 2,CARDINAL
729,CARDINAL
4,CARDINAL
2,DATE
40,DATE
112 158,CARDINAL
381 149,DATE
468,CARDINAL
2,CARDINAL
18 20,CARDINAL
393 20,DATE
311 82,CARDINAL
359,CARDINAL
2,CARDINAL
3,CARDINAL
232,CARDINAL
14,DATE
471,CARDINAL
426,CARDINAL
1,CARDINAL
759 1,CARDINAL
525,CARDINAL
2,CARDINAL
18 3,CARDINAL
687 2,DATE
886 13,DATE
515 10,DATE
147,CARDINAL
677,CARDINAL
713,CARDINAL
489,CARDINAL
726 1,CARDINAL
684,CARDINAL
1,CARDINAL
163 1,DATE
121 4,DATE
678 4,DATE
225,CARDINAL
110,CARDINAL
82,CARDINAL
284,CARDINAL
2,CARDINAL
18,CARDINAL
1,CARDINAL
146 4,DATE
716 4,DATE
392,CARDINAL
30,CARDINAL
29,CARDINAL
646 122,CARDINAL
393,CARDINAL
146,CARDINAL
10,CARDINAL
35,DATE
322,CARDINAL
2,CARDINAL
15 1,CARDINAL
173 2,DATE
260 8,DATE
390 9,DATE
287,CARDINAL
2,CARDINAL
15 1,CARDINAL
092,CARDINAL
350,CARDINAL
73,CARDINAL
7,DATE
975 6,DATE
26,DATE
248 24,DATE
108,CARDINAL
26,CARDINAL
25,CARDINAL
12,CARDINAL
15,CARDINAL
7,CARDINAL
14 10,DATE
Fair,ORG
28,CARDINAL
231,CARDINAL
61,CARDINAL
226,CARDINAL
37,CARDINAL
144,CARDINAL
256,CARDINAL
166,CARDINAL
139,CARDINAL
381 513,CARDINAL
152,CARDINAL
149 520 514 Total,PERCENT
7,CARDINAL
823 6,CARDINAL
283 26,DATE
24,DATE
6,CARDINAL
128,CARDINAL
26,CARDINAL
24,DATE
095,CARDINAL
Non - c n r l l,ORG
6,CARDINAL
975 6,DATE
26,DATE
248 24,DATE
108,CARDINAL
276 26,CARDINAL
754 24,CARDINAL
598,CARDINAL
2,CARDINAL
823 6,CARDINAL
283 26,DATE
24,DATE
622,CARDINAL
₹ 5 / - Basic,LAW
₹,ORG
19,CARDINAL
25 14,DATE
79 63,DATE
39 57,CARDINAL
63,CARDINAL
Diluted,ORG
₹,ORG
19,CARDINAL
22 14,DATE
77 63,DATE
29 57,CARDINAL
54,CARDINAL
Basic,GPE
2,CARDINAL
20 4,CARDINAL
139,CARDINAL
432,CARDINAL
133 4,DATE
144,CARDINAL
013,CARDINAL
195 4,DATE
138,CARDINAL
568,CARDINAL
4,DATE
180,CARDINAL
897,CARDINAL
857,CARDINAL
Diluted,ORG
2,CARDINAL
20 4,DATE
145,CARDINAL
052,CARDINAL
"370 4 , 149",DATE
555,CARDINAL
426,CARDINAL
4,DATE
144,CARDINAL
680,CARDINAL
425 4,DATE
187,CARDINAL
731,CARDINAL
070,CARDINAL
De loi,ORG
& Sells P,ORG
Info ys Limited Chartered Accountants Firm ’ Registration,ORG
Sanji v V,PERSON
Sunda ram,ORG
Bobby Par,PERSON
Bengaluru Jay,PERSON
Mani,PERSON
"April 18 , 2024",DATE
2 Page,PERSON
40 _ 20250123 _ 092259,MONEY
20,CARDINAL
24,CARDINAL
₹,FAC
Particulars Note,PERSON
Three months ended March 31,DATE
"Year ended March 31 , 2024 2023",DATE
2,CARDINAL
16 37,DATE
923 37,DATE
441 153,CARDINAL
670 146,CARDINAL
767 Cost Sales,WORK_OF_ART
26,CARDINAL
748 26,CARDINAL
011 107,CARDINAL
413 102,CARDINAL
353,CARDINAL
11,CARDINAL
175 11,CARDINAL
430 46,CARDINAL
257,CARDINAL
44,DATE
414,CARDINAL
1,CARDINAL
735 1,DATE
6,CARDINAL
6,CARDINAL
249,CARDINAL
1,CARDINAL
894 7,DATE
260,CARDINAL
3,CARDINAL
554 3,DATE
553,CARDINAL
14,DATE
510 13,CARDINAL
509,CARDINAL
7,CARDINAL
621 7,DATE
877 31,DATE
747 30,PRODUCT
905,CARDINAL
2,CARDINAL
17 2,CARDINAL
729,CARDINAL
4,CARDINAL
2,DATE
701,CARDINAL
110,CARDINAL
82,CARDINAL
470,CARDINAL
284,CARDINAL
10,CARDINAL
35,DATE
322,CARDINAL
2,CARDINAL
15 1,CARDINAL
173 2,DATE
260 8,DATE
390 9,DATE
287,CARDINAL
2,CARDINAL
15 1,CARDINAL
092,CARDINAL
350,CARDINAL
73,CARDINAL
7,DATE
975 6,DATE
26,DATE
248 24,DATE
108,CARDINAL
26,CARDINAL
25,CARDINAL
12,CARDINAL
15,CARDINAL
7,CARDINAL
14 10,DATE
Fair,ORG
28,CARDINAL
231,CARDINAL
61,CARDINAL
226,CARDINAL
37,CARDINAL
144,CARDINAL
256,CARDINAL
166,CARDINAL
139,CARDINAL
381 513,CARDINAL
152,CARDINAL
149 520 514 Total,PERCENT
7,CARDINAL
823 6,CARDINAL
283 26,DATE
24,DATE
6,CARDINAL
128,CARDINAL
26,CARDINAL
24,DATE
095,CARDINAL
Non - c n r l l,ORG
6,CARDINAL
975 6,DATE
26,DATE
248 24,DATE
108,CARDINAL
276 26,CARDINAL
754 24,CARDINAL
598,CARDINAL
2,CARDINAL
823 6,CARDINAL
283 26,DATE
24,DATE
622,CARDINAL
Info ys Limited,ORG
Sunda ram,ORG
Bobby Par,PERSON
Managing,PERSON
Mani,PERSON
"April 18 , 2024",DATE
39,CARDINAL
4 _ 20250123 _ 092259,MONEY
Condensed Consolidated Statement Changes Equity,ORG
₹,FAC
Particulars EQUITY Reserves & Surplus,ORG
Capital Capital Securities Retained General Share Special Equity Exchange Effective,ORG
Options Economic,ORG
3,CARDINAL
Non - Share,ORG
Outstanding Zone - translating Cash Flow,PERSON
1,CARDINAL
2,CARDINAL
"April 1 , 2022 2",DATE
098,CARDINAL
139,CARDINAL
200,CARDINAL
61,DATE
313 1,CARDINAL
061,CARDINAL
8,CARDINAL
339,CARDINAL
292,CARDINAL
75,DATE
350,CARDINAL
75,DATE
37 #,MONEY
19,CARDINAL
19,CARDINAL
19,CARDINAL
2,CARDINAL
098,CARDINAL
139,CARDINAL
200,CARDINAL
61,DATE
294 1,DATE
061,CARDINAL
8,CARDINAL
339,CARDINAL
292,CARDINAL
75,DATE
331,CARDINAL
75,DATE
717,CARDINAL
year ended March 31,DATE
24,CARDINAL
095,CARDINAL
24,CARDINAL
095,CARDINAL
13 24,DATE
108,CARDINAL
8 8,CARDINAL
8,CARDINAL
765,CARDINAL
765,CARDINAL
256,CARDINAL
256,CARDINAL
256,CARDINAL
24,CARDINAL
095,CARDINAL
7,CARDINAL
765,CARDINAL
248,CARDINAL
24,DATE
598,CARDINAL
24,CARDINAL
622,CARDINAL
34,CARDINAL
35,CARDINAL
35 2,DATE
11,CARDINAL
2,CARDINAL
514,CARDINAL
514,CARDINAL
514 Transferred,CARDINAL
2,CARDINAL
2,CARDINAL
2,CARDINAL
30,CARDINAL
340,CARDINAL
11,CARDINAL
096,CARDINAL
11,CARDINAL
466,CARDINAL
11,CARDINAL
466,CARDINAL
19,CARDINAL
5,CARDINAL
24,CARDINAL
24,CARDINAL
30,CARDINAL
21,CARDINAL
9,CARDINAL
3,CARDINAL
139,CARDINAL
3,CARDINAL
139,CARDINAL
3,CARDINAL
3,CARDINAL
291,CARDINAL
291,CARDINAL
2,CARDINAL
51,CARDINAL
51,CARDINAL
1,CARDINAL
13,CARDINAL
632,CARDINAL
13,CARDINAL
632,CARDINAL
13,CARDINAL
632,CARDINAL
22,CARDINAL
22 ) Transferred Special Economic Zone - n v e e,MONEY
1,CARDINAL
464,CARDINAL
1,CARDINAL
464,CARDINAL
"March 31 , 2023 2",DATE
069,CARDINAL
54,DATE
169,CARDINAL
58,DATE
957 1,CARDINAL
054,CARDINAL
878,CARDINAL
10,DATE
19,CARDINAL
2,DATE
325,CARDINAL
5,CARDINAL
540,CARDINAL
75,DATE
407,CARDINAL
388 75,DATE
795,CARDINAL
3,DATE
5 _ 20250123 _ 092259,MONEY
Condensed Consolidated Statement Changes Equity,ORG
₹,FAC
Particulars EQUITY Reserves & Surplus,ORG
Capital Capital Securities Retained General Share Special Equity Exchange Effective,ORG
Options Economic,ORG
3,CARDINAL
Non - Share,ORG
Outstanding Zone - translating Cash Flow,PERSON
1,CARDINAL
2,CARDINAL
"April 1 , 2023 2",DATE
069,CARDINAL
54,DATE
169,CARDINAL
58,DATE
957 1,CARDINAL
054,CARDINAL
878,CARDINAL
10,DATE
19,CARDINAL
2,DATE
325,CARDINAL
5,CARDINAL
540,CARDINAL
75,DATE
407,CARDINAL
388 75,DATE
795,CARDINAL
"year ended March 31 , 2024 Profit",DATE
26,CARDINAL
233,CARDINAL
26,CARDINAL
233,CARDINAL
15 26,DATE
248,CARDINAL
120 120,CARDINAL
120,CARDINAL
19,CARDINAL
19,CARDINAL
19,CARDINAL
Fair,ORG
11,CARDINAL
11,CARDINAL
11,CARDINAL
227,CARDINAL
227,CARDINAL
1,CARDINAL
226,CARDINAL
144 144,CARDINAL
144,CARDINAL
26,CARDINAL
233,CARDINAL
19,CARDINAL
11,CARDINAL
26,CARDINAL
754,CARDINAL
26,CARDINAL
768,CARDINAL
2,CARDINAL
3,CARDINAL
5,CARDINAL
2,CARDINAL
2,CARDINAL
639,CARDINAL
639,CARDINAL
639 Transferred,CARDINAL
447,CARDINAL
447,CARDINAL
2,CARDINAL
160,CARDINAL
160,CARDINAL
3,CARDINAL
3,CARDINAL
3,CARDINAL
3,CARDINAL
3,CARDINAL
1,CARDINAL
14,CARDINAL
692,CARDINAL
14,CARDINAL
692,CARDINAL
14,CARDINAL
692,CARDINAL
39,CARDINAL
39,CARDINAL
18,CARDINAL
18 ) Transferred Special Economic Zone - n v e e,MONEY
2,CARDINAL
957,CARDINAL
2,CARDINAL
957,CARDINAL
867,CARDINAL
867,CARDINAL
"March 31 , 2024 2",DATE
071,CARDINAL
169,CARDINAL
616,ORG
68,DATE
405 1,CARDINAL
214,CARDINAL
12,CARDINAL
104,ORG
22,CARDINAL
2,CARDINAL
276,CARDINAL
116,CARDINAL
345,CARDINAL
88,CARDINAL
461,CARDINAL
2,MONEY
166,CARDINAL
"year ended March 31 , 2023",DATE
1,CARDINAL
2,CARDINAL
Z,ORG
u f h e p r f f e l g b l e E Z u n n e r f h e p r v n f e c 10 ( 1 ),ORG
1961,DATE
u l z,ORG
G r u p f r c q u r n g n e w p l n n c h n e r f r h e p u r p e f b u n e n h e e r f h e,ORG
Sec,ORG
1961,DATE
3,CARDINAL
Info ys Consulting,ORG
De loi,ORG
& Sells P,ORG
Info ys Limited Chartered Accountants Firm ’ Registration,ORG
Sanji v V,PERSON
Sunda ram,ORG
Bobby Par,PERSON
Bengaluru Jay,PERSON
Mani,PERSON
"April 18 , 2024",DATE
4,CARDINAL
6 _ 20250123 _ 092259,QUANTITY
Condensed Consolidated Statement Cash Flows Accounting,ORG
n v e n g n f n n c n g c v e f h e G r u p r e e g r e g e .,ORG
G r u p c n e r l l h g h l l q u n v e e n,ORG
₹,FAC
Particulars Note,PERSON
"Year ended March 31 , 2024 2023",DATE
26,CARDINAL
248 24,DATE
108,CARDINAL
2,CARDINAL
15 9,DATE
740 9,DATE
214,CARDINAL
4,DATE
678 4,DATE
225,CARDINAL
2,CARDINAL
067,CARDINAL
1,CARDINAL
817,CARDINAL
470 284 Impairment,MONEY
121,CARDINAL
283,CARDINAL
76,CARDINAL
652,CARDINAL
1,CARDINAL
934,CARDINAL
75 120,CARDINAL
1,CARDINAL
464,CARDINAL
Trade,ORG
un,ORG
2,CARDINAL
667,CARDINAL
7,CARDINAL
076,CARDINAL
1,CARDINAL
172,CARDINAL
3,CARDINAL
108,CARDINAL
91,CARDINAL
279,CARDINAL
1,CARDINAL
334,CARDINAL
4,DATE
119,CARDINAL
34,CARDINAL
441 31,DATE
261,CARDINAL
9,CARDINAL
231,CARDINAL
8,CARDINAL
794,CARDINAL
25,CARDINAL
22,DATE
467 Cash,PERCENT
2,CARDINAL
201,CARDINAL
2,CARDINAL
579,CARDINAL
847,CARDINAL
996,CARDINAL
710,CARDINAL
1,CARDINAL
768 1,CARDINAL
525,CARDINAL
2,CARDINAL
1,CARDINAL
910,CARDINAL
101,CARDINAL
60,CARDINAL
Buy,PERSON
483,CARDINAL
Buy,PERSON
483,CARDINAL
128,CARDINAL
71,DATE
Investments Liquid,ORG
66,CARDINAL
191,CARDINAL
70,CARDINAL
631,CARDINAL
400,CARDINAL
8,CARDINAL
509,CARDINAL
10,CARDINAL
Commercial Papers,WORK_OF_ART
10,CARDINAL
387,CARDINAL
3,CARDINAL
003,CARDINAL
1,CARDINAL
526,CARDINAL
249,CARDINAL
27,CARDINAL
1,CARDINAL
569,CARDINAL
14,CARDINAL
20,CARDINAL
150,CARDINAL
221,CARDINAL
64,CARDINAL
767 71,CARDINAL
851,CARDINAL
9,DATE
205 10,DATE
404,DATE
6,CARDINAL
298,CARDINAL
1,CARDINAL
230,CARDINAL
304 1,CARDINAL
882,CARDINAL
26 99,CARDINAL
5,CARDINAL
009,CARDINAL
1,CARDINAL
209,CARDINAL
5,CARDINAL
2,CARDINAL
024,CARDINAL
1,CARDINAL
231,CARDINAL
14,CARDINAL
692,CARDINAL
13,CARDINAL
631,CARDINAL
39,CARDINAL
22,CARDINAL
18,CARDINAL
5 35,CARDINAL
132,CARDINAL
736,CARDINAL
479,CARDINAL
11,CARDINAL
499,CARDINAL
17,CARDINAL
504,CARDINAL
26,CARDINAL
695,CARDINAL
2,CARDINAL
697,CARDINAL
5,CARDINAL
437,CARDINAL
84,CARDINAL
2,CARDINAL
8 12,CARDINAL
173 17,DATE
472,CARDINAL
2,CARDINAL
8 14,CARDINAL
786 12,CARDINAL
173,CARDINAL
Restricted,ORG
2,CARDINAL
8 348,CARDINAL
De loi,ORG
& Sells P,ORG
Info ys Limited Chartered Accountants Firm ’ Registration,ORG
Sanji v V,PERSON
Sunda ram,ORG
Bobby Par,PERSON
Bengaluru Jay,PERSON
Mani,PERSON
"April 18 , 2024",DATE
6,CARDINAL
8 _ 20250123 _ 092259,MONEY
Interim Condensed Consolidated Financial Statements 1,ORG
1,CARDINAL
Info ys Limited,ORG
n b l e r g n z n h r e n r e l e v n h e g e n f c l e n,ORG
w h l,ORG
Info,PERSON
India,GPE
Ho sur Road,FAC
Karnataka,GPE
India,GPE
BSE Ltd,ORG
National Stock Exchange India Limited,ORG
American Deposit,ORG
New York Stock Exchange,ORG
Group,ORG
Company's Board,ORG
"April 18 , 2024",DATE
1,CARDINAL
2,CARDINAL
Indian Accounting Standard,ORG
34,CARDINAL
2013,DATE
Securities Exchange Board India,ORG
"year ended March 31 , 2023",DATE
Section 133 Act,LAW
3,CARDINAL
2015,DATE
quarter year - - e,DATE
n f r h e u r c e n r u n e h e n e r e g,ORG
g u r e n h e e n e u p h e f g u r e,ORG
previous quarters,DATE
year - - e,DATE
1 .,CARDINAL
3,CARDINAL
Info,ORG
n h e p r e n h p w e r v e r h e e n,ORG
x p e,ORG
Group,ORG
u p b l n c e n r n c n n c l u n g u n r e l z,ORG
Group,ORG
Company,ORG
1 .,CARDINAL
4,CARDINAL
dAS,ORG
n n u p n f f e c h e p p l c,ORG
n n g p,ORG
n l b l e,ORG
1 .,CARDINAL
5,CARDINAL
7,CARDINAL
9 _ 20250123 _ 092259,EVENT
1,CARDINAL
5,CARDINAL
Group,ORG
n f c n f n c p e r f r n,ORG
Group,ORG
Group,ORG
E f f r r,PRODUCT
x p e n,ORG
n f l e f f r r,FAC
third,ORDINAL
n r p,ORG
G r u p c n g n g e n b e w e e n h e customer vendor,ORG
G r u p h e p r n c p l,ORG
G r u p f r e v l u e w h e h e r b n c n r l,ORG
n v e n r r k,ORG
n n h e r f c r e e r n e w h e h e r c n r l h e p e c f e g r e r v c e n therefore,ORG
n n c p l e e c n r c r e r e c r e n h e p e r n w h c h,ORG
Group,ORG
two,CARDINAL
India United States,GPE
Company,ORG
p r n r l l,ORG
Management believes Group,ORG
15,CARDINAL
103,CARDINAL
Business Combinations,ORG
103,CARDINAL
2,CARDINAL
1,CARDINAL
Property,ORG
p l n n e q u p e n r e p r e e n g n f c,ORG
n p r p r n f h e e b e f h e G r u p .,ORG
c f p e r c e p r e c n e r v e f e r determining estimate asset ’ e x p e c e u e f u l l f e n h e e x p,ORG
n f l f e .,ORG
u e f u l l v e n r e u l v l u e f G r u p ',ORG
n c l u n g e c h f n n c l e r e n .,ORG
h p c h,ORG
N,GPE
2,CARDINAL
2,CARDINAL
8,CARDINAL
